{"cameraMode":{"drawMode":0,"name":"Shaded","section":"Shading Mode"},"sceneLighting":true,"audioPlay":false,"sceneViewState":{"showFog":true,"showMaterialUpdate":true,"showSkybox":true,"showFlares":true,"showImageEffects":true,"showParticleSystems":true},"in2DMode":false,"pivot":{"x":0.0,"y":0.1822267472743988,"z":-0.009900987148284912},"rotation":{"x":0.04860210418701172,"y":0.9513840675354004,"z":-0.2120581865310669,"w":0.21804961562156678},"size":7.869990348815918,"orthographic":false}